{
    "train_ratio": 0.75,
    "metric": "mae",
    "num_folds": 3,
    "seed": 42,
    "num_search_iterations": 1000,
    "impute_stochastic": 1,
    "impute_strategy": "mean",
    "hyperparameters": {
        "xgb_max_depth": [5, 10, 15, 20, 25, 30],
        "xgb_n_estimators": [16,  32,  64, 128, 256],
        "xgb_reg_lambda": [
        1.00000000e-06, 1.77827941e-06, 3.16227766e-06, 5.62341325e-06,
        1.00000000e-05, 1.77827941e-05, 3.16227766e-05, 5.62341325e-05,
        1.00000000e-04, 1.77827941e-04, 3.16227766e-04, 5.62341325e-04,
        1.00000000e-03, 1.77827941e-03, 3.16227766e-03, 5.62341325e-03,
        1.00000000e-02, 1.77827941e-02, 3.16227766e-02, 5.62341325e-02,
        1.00000000e-01, 1.77827941e-01, 3.16227766e-01, 5.62341325e-01,
        1.00000000e+00, 1.77827941e+00, 3.16227766e+00, 5.62341325e+00,
        1.00000000e+01, 1.77827941e+01, 3.16227766e+01, 5.62341325e+01,
        1.00000000e+02, 1.77827941e+02, 3.16227766e+02, 5.62341325e+02,
        1.00000000e+03, 1.77827941e+03, 3.16227766e+03, 5.62341325e+03
        ],
        "xgb_learning_rate": [0.001, 0.002, 0.004, 0.008, 0.01, 0.02, 0.04, 0.08, 0.1],
        "xgb_gamma": [0, 1e-3, 5e-3, 1e-2],
        "xgb_colsample_bytree": [1.0, 0.75, 0.5, 0.25, 0.1],
        "xgb_max_leaves": [100, 200, 400, 800, 1000, 2000, 4000, 10000],
        "xgb_subsample": [1.0, 0.9, 0.8, 0.7],
        "hasher_num_features": [32,  64, 128, 256]
    }
}